pid,screen_width,screen_height,condition,writing_assignment,awe,fear,amazement,happiness,fascination,content_video,content_study,video_played,video_problems,sound_on,attentive,conscientious,screen_control,screen_control_other,privacy_check
15723e3b,667,315,exp_new,"Analytische Fähigkeit
Empathie
Zuhören
Struktur
Klarheit
Intelligenz
Organisationstalent
Vernetzung
",6,5,6,3,6,"Vom Detail zum großen Ganzen
Mensch/Erde ist nur ein kleiner Punkt im Universum",Einfluss auf Selbstbeurteilung,1,"",1,1,1,1,"",OK
10d7505f,390,699,exp_old,"Meine Stärken sind wohl dass ich sehr hilfsbereit bin. Ich bin einfühlsam und kann mit gut in andere hineinversetzen und dadurch gut mit anderen zusammenarbeiten. Außerdem kann ich in schwierigen Situationen oder bei schwierigen Aufgaben gut einen kühlen Kopf bewahren und auch analytisch vorgehen. Zudem würde ich mich als sehr offen und aufgeschlossen beschreiben.
Leider neige ich dazu Dinge zu viel zu überdenken, wodurch ich leicht meine normalerweise optimistische Einstellung herunterziehe. Außerdem gehen mir viele Situationen sehr nahe.",6,2,7,6,7,"- Vergleich der Erde zu anderen uns bekannten Planeten und Sternen im Universum
- zuerst Vergleich zu unserem Sonnensystem, dann Vergleich zu größeren Sternen als die Sonne 
- von kleinstem Planet zu größtem Stern
- am Ende Vergleich der Erde zu größtem Stern",Vielleicht wie die Stärken und Schwächen bzw. Persönlichkeit einer Person Einfluss auf das Erleben und die Emotionen in bestimmten Situationen oder bei Videos (mit speziellem Ton) hat,1,"",1,1,1,1,"",OK
6d78c85d,1180,688,exp_new,"Stärken: verantwortungsbewusst, gutes Organisationsgeschick, ich kann gut zuhören, Empathie, ich kann schnell Neues lernen & merken, interessiert

Schwächen:
Unsicher, Geduld",6,2,6,4,6,Aus der Erde rausgezoomt ins Universum,Zusammenhang von Staunen & Persönlichkeit,1,"",1,1,1,2,"",OK
9cb0e6d2,393,773,exp_new,Ich bin einfühlsam und kümmere mich um die Gefühle von anderen. Ich kann gut planen und organisieren. Jedoch kann ich schnell genervt werden.,4,1,2,1,3,Um die Erde und das Weltall und wie klein wir im Vergleich dazu sind.,Wie Musik und Perspektive einen Einfluss auf die Wahrnehmung haben.,1,"",1,1,1,1,"",OK
53686cf5,,,"","",,,,,,"","",,"",,,,,"",OK
37e10ef4,393,695,exp_old,"Stärken: 
Körperlich: Ausdauer, Kraft, Hand Augen coordination, vielfältige Erfahrung. 
Mental: Durchhaltevermögen und Motiviert, schlau
Schwächen: faul wenn kein Ziel, unmotiviert wenn es etwas is was ich nicht gut kann

Mache nur gerne Sachen die ich gut kann und muss für Neues oft leicht gezwungen/überredet werden
",2,1,3,2,4,"Größendimensionen in unserem Universum
",Die Selbsteinschätzung nachdem gezweigt wird wie klein und evtl unnötig wir sind im Vergleich zum Universum ,1,"",1,1,1,1,"",OK
96e326d5,1210,702,exp_old,"Meine Stärken sind, dass ich eher emphatisch bin (was manche auch als Schwäche bezeichnen). Ich hab Humor und ich hab das Gefühl Leute fühlen sich wohn um mich herum. Außerdem bemühe ich mich immer Nett und hilfsbereit zu sein. Zu meinen Schwächen zählt, dass ich nicht sehr fleißig bin. Sehr anhänglich bin. Aufmerksamkeit brauche…",5,1,4,3,4,"Die Größe der Welt 
Vergleich der Welt mit anderen Planeten/Sternen","Ich glaube in der Studie ging es um das Vergleichen. Also das vergleichen der Planeten durch Größe, das vergleichen von uns Menschen durch stärken und schwächen. Aber es könnte auch darum gehen, wie groß unser Universum ist, und was ein winziger Teil wir doch sind, und unsere Stärken und Schwächen im Vergleich zum Weltall doch nur winzig und unwichtig sind.",1,"",1,1,1,2,"",OK
82aba538,1920,947,control,"Meine Stärken sind hohes Einfühlungsvermögen, Verständnis, Neutralität und Allparteilichkeit, Motivation und Volition. Meine Schwächen sind ein zu hohes Verantwortungsbewusstsein, wenig Humor, ich kann mit nahmen Menschen sehr fordernd sein, ich brauche viel Ruhe und führe schlecht lockere Gespräche, ich kann mich nicht gut in Gruppen integrieren",3,2,1,1,2,Mauern und Mauerbau,Wie langweilige Videos unsere Selbstwahrnehmung beeinflussen.,1,"",2,2,1,3,"",OK
818036ee,430,775,control,"Stärken: 
Sprachen 
Kunst & Kreativität 

Schwächen: 
Mathematik
Technik 
Wenig Geduld",1,1,2,2,2,Informationen um Mauern stabiler zu errichten ,/ ,1,"",1,1,1,1,"",OK
ca72fe3e,1272,668,control,"Stärken: ich bin vor allem gut im logische analytischen Denken  und bin positiv, motiviert und diszipliniert und gut in Teamarbeit. 
Schwächen: Ich bin vllt etwas ungeduldig und manchmal faul",1,1,2,2,3,"Methoden, um eine Mauer zu stabilisieren.
Zum Beispiel Kurven/Ecken, Rohre oder Kleber + Werbung","Keine Ahnung, vllt worauf man den Fokus setzt beim Video",1,"",1,1,1,3,"",OK
62b8f0a6,430,729,exp_new,"Meine Stärke ist, dass ich gerne und viel rede. Immer mit anderen Leuten das Gespräch suche und mich sehr für das Leben meiner Mitmenschen interessiere. Wenn ich jemanden kenne, bin ich super offen, immer für diese Person da und schätze jeden Moment. Meine Schwöche jedoch ist, dass ich erst Zeit brauche um mich zu öffnen. Ich angst habe, zu schlecht für etwas zu sein und mich dann oft nicht traue etwas zu tun. Mir fehlt oft das Selbstbewusstsein aus mir raus zu kommen und mich so zu zeigen wie ich bin. Außerdem versuche ich es immer allen anderen gerecht zu machen und merke dadurch nicht, dass ich einfach ich sein sollte anstatt mich zu verstellen.",4,4,7,2,6,"- Universum
- wie klein die Welt ist im Vergleich zu der Milchstraße
- Verlassen von Bekanntem ins Ungewisse",Wie verschiedene Menschen Videos in Kombination mit Tönen wahrnehmen und interpretieren + auf den eigenen Charakter beziehen/ widerspiegeln,1,"",1,1,1,1,"",OK
f32c8d05,360,625,control,"Zunächst zu meinen Stärken. Ich bin sehr ordentlich und strukturiert, zudem kann ich gut zu hören. Ich funktioniere gut in einer Teamarbeit und bin zuverlässig.
Meine schwächen sind, dass ich manchmal die Zeit nicht richtig im Blick hab und für kleinere Aufgaben viel zu viel Zeit aufwende.",2,1,3,2,1,"Das Video handelte davon, wie man Mauern baut und diese besonders gut verstärkt.",Ich weiß es leider nicht ,1,"",1,1,1,1,"",OK
8ed80f9e,402,714,exp_new,"meine Stärken sind meine kreativität und konzentration unter stress, ich lasse mich wenig von meinen Emotionen lenken undkann auch in stressigen oder schwierigen situationen ruhig und faktenbasiert bleiben. 
ich prokrasiniere manchmal zu vor indian mich schwer aufraffen dinge zu tun, wieso das so ist kann ich mir dabei oft selbst nicht erklären außerdem falle ich anderen oft ins wort, grundsätzlich höre ich trotzdem gerne zu und beschäftige mich mit anderen menschen ",5,1,6,5,7,der bedeutungslosigkeit des menschen angesichts des unendlichen universums,vielleicht wie sich das gefühl der distanzierung von seinem eigenen leben und der realisation der eigenen bedeutungslosigkeit (also im sinne davon wie viel mehr es eigentlich noch gibt) auf das eigene selbstbild auswirkt ,1,"",1,1,1,1,"",OK
453cf770,390,658,exp_old,"Die Stärken der Person sind, dass sie sehr zuverlässig ist. Sie hält sich an das was sie verspricht, außerdem ist sie zuvorkommend und möchte immer alle einschließen und mitnehmen.
Die wahrscheinlich größte Schwäche der Person ist, dass sie vor lauter Angst zu scheitern oft gar nicht erst anfängt bzw. Dinge so weit hinauszögert, dass sie in der Zeit die noch übrig ist, nicht mehr perfekt erledigt werden können.",4,3,5,2,3,"- die Erde im Sonnensystem
- Irrelevanz des Individuums bzw. Gleichheit aller von außen
- als Einzelner Teil etwas viel Größeren sein
- greifbarere Vorstellung über die Größen der Planeten vermitteln
- epische Musik","Ob das Video in einem eher ein Gefühl von Nutzlosigkeit auslöst, weil es einem so erscheint als hätte alles keinen Sinn, weil man tatsächlich nur ein winzig kleiner Fleck im Universum ist oder, ob das Video einen eher dazu anregt tätig zu werden und sich nicht den Kopf über sein Handeln zu zerbrechen, weil man tatsächlich nur ein winzig kleiner Fleck im Universum ist.",1,"",1,1,1,1,"",OK
00713a9f,1710,900,exp_new,"ich bin zuverlässig, halte mich an Regeln, ich habe gute Manieren , ich kann gut kochen, ich mag es draußen zusein und Sport zu machen, ich mag meinen Garten, ich höre gerne Podcast, ich mag gerne gute Serien mit Superhelden",1,1,4,3,6,In meinen Augen ging es um unsere Erde - vom kleinen Feldweg bis hin zu den Unweiten der Galaxy.,Ich konnte keinen Zusammenhang erkennen,1,"",2,1,1,3,"",OK
7c2620d4,393,665,control,"Ich bin sehr empathisch, hilfsbereit und fürsorglich. Ich kümmere mich um andere so wie ich gerne behandelt werden würde, ich versuche viel hineinsetzungsvermögen und Verständnis anderen gegenüber zu haben. Ich hab viel selbstreflexion. Gleichzeitig sorge ich mich um mich selbst kaum, vernachlässige mich und meinen Körper, bin teils so empathisch dass ich nachteile von habe und falsches verhalten aus Mitleid entschuldigen könnte. Ich habe nicht viel Geduld, kaum selbstregulation und komme mit meinen gefühlen teils sxhwer klar, ich verschiebe gerne statt mich direkt drum zu kümmern und manchmal bin ich auch gnadenlos wenn man mich zu viel getestet hat, sodass all die oben genannten stärken kurz wegfallen",1,1,3,1,2,"Wie man Mauern bauen ind stabilisieren kann, welche Methoden es dafür gibt und welche optischen Merkmale ebenfalls vorteilhaft sind für stabile Mauerbauten",Ehm keine Ahnung,1,"",1,1,1,1,"",OK
682f9413,,,exp_new,"",,,,,,"","",,"",,,,,"",OK
176a1a80,402,768,exp_old,"Meine Stärken sind zum Beispiel mein Einfühlungsvermögen. Ich höre meinen Mitmenschen gerne zu und versuche ihnen gerne zu helfen. Zudem habe ich immer ein offenes Ohr für sie und bin immer für sie da. Ich bin ehrgeizig, zielstrebig und arbeite hart an etwas, was ich mir vorgenommen habe. 
Meine Schwächen sind, dass ich mir alles sehr sehr zu Herzen nehme. Manchmal bin ich etwas zu ehrgeizig und ungeduldig. Eine riesen Schwäche von mir ist, dass ich extrem selbstkritisch bin. ",7,3,6,5,7,"- von unserem Universum 
- von vielen Planeten und Sternen im Universum, die der Größe nach aufgelistet wurden (vom Kleinsten zum Größten)",- Aufmerksamkeitsspanne der Zuschauer testen ,1,"",1,1,1,1,"",OK
2542be88,360,601,exp_new,"Freundlich 
Liebevoll
Humorvoll
Loyal
Verletzlich 

Maßlos beim Essen 
Ungeduld 
Impulsiv 
Verletzlich 
",7,1,7,7,7,Wie die Erde immer kleiner wird,Wie sich ein Video auf die Emotionen auswirken kann ,1,"",1,1,1,1,"",OK
b07518d6,414,706,exp_old,"",,,,,,"","",,"",,,,,"",OK
460ac9c3,375,689,exp_old,"sozial, durchsetzungskräftig, strukturiert, fair,
pünktlich, verlässlich,

ängslich, Orientierungsschwäche, Selbstzweifel,",6,3,7,2,5,Um die Erde und um das Universum. Wie klein die Erde ist im Gegensatz zu den anderen Planeten. Der Mensch als kleiner Teil vom großen. ,"Was das Video bei den Menschen auslöst, welche verschiedenen Wahrnehmungen ",1,"",1,1,1,1,"",OK
be550416,411,752,control,"Ich bin äußerst resilient, habe eine hohe Mustererkennung,  bin sehr gut in Konfliktlösung.
Schwächen sind , gedankenrasen, nachanalysieren aller Geschehnisse des Tages und Gespräche.  Konzentrationsprobleme",1,1,1,1,1,"Vom Mauerbau, der Fixierung und Stabilisierung der mauer",Visuelle Ankerpunkte die das Unterbewusstsein lenken,1,"",1,1,1,1,"",OK
46ececa3,411,742,exp_old,"Spontan
Humorvoll
Leidenschaftlich

Vergesslich
Schnellsprechend
Direkt",1,1,5,2,7,"Planeten im Universum
Vergleich der relativen Grössen
Grösster bekannter Planet verglichen mit der Erde",Keine Ahnung,1,"",1,1,1,1,"",OK
f77d5fcf,,,exp_old,"",,,,,,"","",,"",,,,,"",OK
5a55edb2,393,695,exp_old,"Meine Stärken sind, dass ich sehr gut zuhören kann, emphatisch bin, jede Situation mit Humor nehmen kann und irgendeinen blöden Witz raushauen kann, ich bin sehr akribisch und lass mich nicht so schnell aus der Ruhe bringen 
Meine schwäche sind meine Vergesslichkeit, dass ich fünf Dinge Versuch gleichzeitig zu tun, sehr emotional bin und sehr selbstkritisch bin. Mit Kritik umgehen ist auch eine meiner Schwächen sowie Grenzen zu setzen und nein zu sagen ",7,1,5,6,7,"Der Größe der Erde und der Vergleich dazu von unseren Planeten, Sternen und Gasrießen die wir kennen.",Wie schnell unser geheime zwischen Emotionen und Wissen switchen kann?,1,"",1,1,1,1,"",OK
35f149ac,390,653,control,"Stärken: 
- Empathie 
- Kommunikation 
- extrovertiert 
- neugierig 
- lebensfroh
- tierlieb 
- handwerklich begabt 

Schwächen: 
- Kritik unfähig 
- sensibel 
- unsicher 
- anhänglich ",1,1,1,1,1,- Befestigung von Mauerwerken ,- medialer Einfluss auf emotionale Reaktionen ,1,"",1,1,1,1,"",OK
d71ee3ba,,,control,"",,,,,,"","",,"",,,,,"",OK
728a49f3,,,control,"",,,,,,"","",,"",,,,,"",OK
cb431c9f,,,control,"",,,,,,"","",,"",,,,,"",OK
b13add2e,393,695,exp_new,Zu meinen Stärken gehört zwar nicht immer das aufmerksame zuhören aber ich merke mir einiges und erinnere mich gerne an Sachen die zb meine Freunde erzählt haben. Meistens ist die jedoch nur der Fall wenn es mich wirklich interessiert. Schwächen habe ich natürlich eine davon ist dabei keine gute selbstreflektion deswegen habe ich keine :),1,1,1,1,1,Es wurde viel gezeigt erst von der Erde und dann weiter raus gezoomt bis zum Weltall und das ganze Universum wurde gezeigt ,Aufmerksamkeit Überprüfung was zu einer Zeitverschwendung geführt hat ,2,Kam erst schwarzer Bildschirm grrrr musste es dann öfters neu laden aber dann hat alles supi dupi geklappt ,1,1,1,1,"",OK
0a49bdd7,,,exp_new,"",,,,,,"","",,"",,,,,"",OK
1deafd52,390,663,exp_old,"Ich denke ich bin sehr empathievoll und einfühlsam. Ich besitze emotionale Intelligenz und kann mich gut in andere Menschen hineinversetzen 
Manchmal kann ich aber etwas egoistisch denken bzw selbstzentriert sein und mir zu viele Gedanken über eine bestimmte Sache machen, sodass ich total gestresst werde ",5,3,7,5,7,"Von unserem Universum, unserem Planetensystem und insbesondere von der „Bedeutungslosigkeit“ der Erde im Vergleich zu den anderen viel größeren Planeten bzw. Sternen ","Um ehrlich zu sein keine Ahnung, aber vielleicht die Bedeutung des Menschen obwohl er eigentlich nur ein „Staubkorn“ im Universum ist ",1,"",1,1,1,1,"",OK
6ca96a32,393,773,exp_new,"Stärken:
- Kreativität wenn in Not
- verhalten von menschen verstehen
- musisches Verständnis in Bezug auf Tanzen

Schwächen:
- verstehen von vieler Strukturen
- mit Gefühlen anderer umgehen können
- eigenes ego zurückstecken",1,1,5,7,7,"- das das Universum größer als nur unsere erde ist
- das es mehrer solarsysteme im Universum gibt","- das wir menschen nicht die einzigen Lebewesen sind und es weit aus mehr da draußen gibt bzw generell im leben, das einfach ein größeres Bild der Möglichkeiten gezeigt wird",1,"",1,1,1,1,"",OK
6f9eef85,360,609,exp_new,"Ich bin Jemand, der sich konzentrieren kann und Dinge zu Ende bringen möchte. Kann mich auch auf langfristige Dinge gut einlassen. 
Leider hab ich eine geringe Frustrationstolleranz und bin beeinflussbar.",6,1,2,6,6,Reise von einem Punkt auf der Erde - Sonnensytem - Milchstraße- All,Keine Ahnung.,1,"",1,1,1,1,"",OK
36aeb4ab,360,626,exp_new,"Ich habe eine schnelle Auffassungsgabe. Bin fleißig und mache Dinge die ich anfange so gut ich kann.
Ich kann mich gut in Menschen hineinversetzen und versuche immer deren Sicht zu verstehen. ",5,1,6,4,7,Galaxien,"Empfindungen, Reaktion",1,"",1,1,1,1,"",OK
ab3a321f,791,260,exp_new,"Meine Stärken sind Freundlichkeit und Hilfsbereitschaft. Ich bin fleißig, loyal meinen Freunden gegenüber und helfe gerne anderen, wenn sie es brauchen. Außerdem habe ich eine schnelle Auffassungsgabe. 
Meine Schwächen sind Impulsivität, 
Manchmal setze ich mich selbst sehr unter Druck, wenn ich zu viel machen möchte und gleichzeitig Perfektion erreichen will. ",6,2,5,7,6,"Herauszoomen von einem Punkt auf der Erde auf Ansicht des Kontinents, der Erde, dann auf unser Sonnensystem, Milchstraße, Universum. ","Keine Ahnung. Aber das Video zeigt für mich die Irrelevanz des Menschen. Wir nehmen uns so wichtig und vergessen dabei, dass wir ein sehr sehr kleiner Teil eines großen Ganzen sind. ",1,"",1,1,1,1,"",OK
9a75f5ae,390,699,exp_old,"Ich bin, organisiert und leistungsfähig. Für mein Alter bin ich noch sehr fit sehr. Ich bin hilfsbereit, wenn man mich fragt. ich kann sehr gut kochen und verschiedene Sprachen sprechen. Ich bin intelligent und vielseitig interessiert. Ich sehe gut aus. Bin selbstständig und unabhängig und kann mein Leben alleine führen. Ich habe eine handwerkliche Begabung.. 

Es fällt mir schwer, auf andere Menschen zu zugehen. Ich mache mir zu viele Gedanken über mich selbst und bin, obwohl ich meine Stärken kenne häufig unzufrieden mit mir selbst und meinen Leistungen und denke deshalb auch das andere mich wenig interessant finden. Ich bin undiszipliniert, nehme mir Dinge vor, aber führe sie da nicht durch.. ich bin zu perfektionistisch, das stresst mich sehr und ist auch für andere anstrengend. Daraus resultiert auch, dass es mir schwer fällt, Entscheidung zu treffen, weil ich immer versuche die perfekte Entscheidung zu treffen.. ich kann Kontrolle nicht abgeben, da ich mich dann unsicher fühle, lass ich nie ganz los.",5,1,5,4,5,"Von dem Universum und den Planeten, die uns umgeben. Vielleicht auch davon, wie winzig klein wie innerhalb dieses Universums sind.","Festzustellen, wie wichtig sich Personen selber nehmen.",1,"",1,1,1,1,"",OK
a37d0be0,411,788,control,"",,,,,,"","",,"",,,,,"",OK
d90d4a8d,,,"","",,,,,,"","",,"",,,,,"",OK
8157cb44,1180,688,exp_new,"Empathie Aufgeschlossenheit sport sozial ruhig gelassenheit

Leicht stressbar 

",7,2,5,5,7,"Es sollte uns mal wieder daran erinnern, wie klein wir Menschen und die Erde sind. 
Universum Galaxien","Wie Menschen auf diese Vorstellung, dass da noch so viel mehr als wir sind im Universum, emotional reagieren",1,"",1,1,1,2,"",OK
693360e6,,,control,"",,,,,,"","",,"",,,,,"",OK
584d435c,1376,761,exp_new,"Ich bin eine sehr vertrauenswürdige und verständnisvolle Person. Es passiert häufig, dass Menschen, die mir zum ersten Mal begegnen, mir direkt sehr vertrauenswürdige Dinge erzählen. Ich bin geduldig, offenherzig, sehr herzlich. Außerdem bin ich extrem ehrgeizig, fleißig und charakterstark. Ich bin loyal und kann sehr gut auf andere Menschen eingehen.

Meine Schwächen sind, dass ich häufig Selbstzweifel habe, oft faul bin, wenn keine Deadline ansteht und ich bin sehr (selbst-)kritisch, womit ich mir häufig im Weg stehe.",4,1,3,3,4,"ländliches Gebiet wurde gezeigt, dann herausgezoomt, bis man das Gebiet von oben sah, dann immer weiter herausgezoomt, bis schließlich die Erde als ganzes, dann unser Sonnensystem, dann unsere Galaxie und dann ein Teil des Weltalls gezeigt wurde","Ich vermute, dass untersucht wird, wie die abgefragten Emotionen in Verbindung mit unserer Selbstwahrnehmung (positiv vs. negativ) stehen",1,"",1,1,1,3,"",OK
007fd36d,1272,668,exp_new,"Ich bin selbstbewusst, kann für mich einstehen, bin sportlich, kann mich für fast alles begeistern, habe ehrliches Interesse an der Geschichte anderer, kann ut dankbarkeit zeigen, auf der anderen Seite bin ich ungeduldig, kann sehr böse werden wenn ich hunger habe oder müde bin und bin manchmal auch sehr dickköpfig",6,2,6,4,6,"Universum, was für ein unbedeutender Teil dieses Universums wir sind, Unendlichkeit",Wie die Wahrnehmung von Stärken und Schwächen mit dem Vor Augen führen der Unwichtigkeit von uns Menschen zusammenhängen,1,"",1,1,1,3,"",OK
114bd1c9,411,778,exp_new,Interessiert an neuem. Begeisterungsfähig und ehrlich. Ich kann zuhören und Entscheidungen schnell treffen. Meine Schwächen sind schlechte Englischkenntnisse und dass ich impulsiv bin. ,5,1,6,6,7,Ausgangspunkt war ein Ort auf der Erde in Deutschland. Dann wurde von diesem aus die Erde gezeigt und die Betrachtung ging weiter in das Universum. Immer weiter und tiefer ins Weltall. Das Sonnensystem und letztlich die Milchstraße wurden verlassen. Andere Galaxien waren zu sehe. Fazit: Die Erde und ihre Bedeutungslosigkeit angesichts der Dimension des Weltalls. ,"Zusammenhang von Emotionen, Selbsteinschätzung und Faszination ",1,"",1,1,1,1,"",OK
4be6732c,384,691,exp_new,"Meine Stärken liegen in meiner Empathiefähigkeit, musische Fähigkeit und darin das Wunder des SEINS und der Schöpfung zu sehen 
Meine Schwäche ist die Ungeduld und der Perfektionismus",7,1,7,7,7,Von der Klrinigkeit des Seins in die Größe des Seins: eine Sache wirkt groß ist aber im Ganzen klein und trotzdem (für den ersten Moment) von Bedeutung ,Wahrnehmung? Oder Emotionen,1,"",1,1,1,1,"",OK
756ed54e,1440,697,control,"Meine Stärken sind, dass ich gut zuhören kann, sehr offen für neue Eindrücke und Erfahrungen bin und mich für viele Dinge schnell begeistern kann. Ich glaube auch dass ich ein sehr kreativer Mensch bin, da ich gerne male. 

Schwächen sind Zurückgezogenheit, Perfektionismus, der Drang, Dinge überzuanalysieren",2,1,2,3,4,Stabilisation einer Mauer mit Stahlpfählen (Anleitung),Die Auswirkung von Ehrfurchtserfahrungen auf das Selbstbild (evtl über „Small Self“-Gefühle vermittelt),1,"",1,1,1,3,"",OK
9fd6a326,392,720,control,"begeisterungsfähig, kann mich gut in Themen einarbeiten, kann unter Stress arbeiten, sehr schwingungsfähig/emotional intelligent

Schwäche: aktuell nicht wirklich alltagsfähig, diverse Probleme weil meine Symptomatik mit dem Alltag /funktionsfähig crasht, schwarz weiss denken, hänge mich zu sehr an details auf ",1,1,1,1,2,"Firma allanblock prasentiert ein Anleitungsblatt zum Mauerbau in Gärten, Verstärkung einer Mauer durch Kurveneinbau, Stärkung durch Pfähle (abmessung mit 60cm zu viel, die dann mit drei Werkzeugen in die Mauer getrieben werden, dafür werden erst umliegende Steine entfernt, dann mit Kleber wiedereingefügt.) Am Ende ästhetische Optionen zur Auswahl.","Mauerverstärkung als Symbol fürs Unbewusste, Stärke= sich besser auf seine Starke konzentrieren können, evtl auch Merkfähigkeit und Detailreplikation

ah ja kann sein dass ADHS/Autismus das bei mir verfälscht ",1,"",1,2,1,1,"",OK
d28ce4d5,375,637,control,"Ich kann ganz ok Zuhörern. Ich bin aufmerksam und hilfsbereit. Wenn mir wer von Problemen erzählt will ich gleich helfen, was auch als Schwäche gewertet werden kann, falls sich wer nur ausheulen will. 
Ich bin oft aber ungeduldig, und wenn ich gestresst bi will ich nicht von anderen geatmet werden. Ich hab einen Weg wie ich Sachen mache und wenn andere das anders machen bin ich oft überzeugt davon das sie es weniger genau, effizient und generell schlechter machen als ich mit meiner Strategie. Das kommt schnell besserwisserisch rüber. Ich würde behaupten dass ich recht reflektiert bin, bilde mir darauf aber auch ein wenig was ein. ",1,1,1,1,2,"Das Video handelte von verschiedenen wegen eine kleine Mauer stabiler zu gestalten. 
Die Bausteine und innen geführte Metallrohre die im Boden verankert sind helfen dabei. ",Emotionale Verarbeitung eines Videos ,1,"",1,1,1,1,"",OK
d5e3e4aa,448,827,exp_old,"",,,,,,"","",,"",,,,,"",OK
ac1b8028,393,695,control,"Ich bin sehr emphatisch und kann mich gut in andere hinein versetzen um zu verstehen was sie fühlen und warum.
Ich kann sehr gut mit Hunden umgehen und dem richtigen Zeitpunkt einschätzen um in ein verhalten einzugreifen.
Ich bin kreativ und kann mir viele verschiedene Geschichten und Situationen vorstellen und erschaffen.",1,1,1,1,1,"Mauerbau
Stabilisierung von Mauern
Rohre
Vorschlaghammer",Keine Ahnung ,1,"",1,1,1,1,"",OK
15860856,,,control,"",,,,,,"","",,"",,,,,"",OK
1c614dc7,390,699,exp_new,"Stärken: Belastbarkeit, Empathie & Wertschätzung, Zuverlässigkeit, Kommunikation auf Augenhöhe, Zuhören, Verständnis entgegenbringen - Einfühlsam sein, Kochen, Konzentration, Erinnerungsvermögen
Schwächen: Kein Raumdenken bzw. abstände abschätzen können, Ungeduldig, Höhenangst, unsportlich ",1,1,5,3,7,Die Erde und wie klein diese ist im vergleich zum Universum. Veranschaulichung des Universums,Ich habe gar keine Ahnung.,1,"",1,1,1,1,"",OK
55767451,360,626,exp_old,"Meine Stärken sind, dass ich gut zuhören kann, immer verlässlich bin und hilfsbereit. Außerdem bin ich sehr kreativ und einfühlsam.
Meine Schwächen sind, dass ich immer alles perfekt und zu 100% richtig erledigen möchte und dadurch oft für Aufgaben zu viel Zeit brauche oder diese Aufgaben vor mir her schiebe. Außerdem fällt es mir schwer Kontrolle abzugeben.",7,2,6,4,6,Die Größenverhältnisse zwischen den Planeten unseres Sonnensystems und Sternen bis hin zum größten bekannten Stern,Wie das Video und die dabei empfunden Gefühle unsere Meinung über uns selber beeinflusst ,1,"",1,1,1,1,"",OK
b71992d2,980,1696,exp_old,"Meine größte Stärke, ich bin intelligent und analytisch. Ich kann abstrakte Muster sehr schnell identifizieren, verstehe mathematische und statistische Zusammenhänge oft auf Anhieb, und bemerke logische Widersprüche. 
Meine größte Schwäche ist meine Unzuverlässigkeit, ich vergesse oft Meetings, bleibe zu lange wach, schlafe zu lange, oder bin sonst irgendwie sehr verpeilt. ",7,1,5,6,7,"Ein Zoom aus den Dingen im Universum heraus, von einem Ort auf der Erde bis zum größten Stern",Keine Ahnung,1,"",1,1,1,1,"",OK
385c9b17,,,control,"",,,,,,"","",,"",,,,,"",OK
bc4aaafa,390,699,control,"Stärken: meine Stärken sind eine Gute Organisation von Abläufen, Prozessen und Aufgaben die im Alltag anstehen aber auch lamgfristig für Projekte geplant werden müssen. Zudem ist eine weitere Stärke, dass ich sehr zielstrebig und schnell zu begeistern bin wenn mich etwas wirklich interresiert. 
Schwächen von mit sind das ich oft sehr ungeduldig bin und je nach Thema auf meine Meinung beharre und andere so negativ beeinflusse",1,1,5,5,6,"Mauerbau 
Stabiliserung der Mauer durch Metallstäbr
Stabiles Aufkleben von Abschlusssteinen","Ablenkung 
Selbstwahrnehmung 
",1,"",1,1,1,1,"",OK
20a49653,360,641,exp_new,"Zuverlässigkeit, Pünktlichkeit, Lernbereitschaft, organisiert, Kommunikationsfähigkeit 

Ungeduldig, schlamperhaft, ",3,1,4,1,4,"Darstellung von der Erde ändere den Termin  und dem Universum. Herauszoomen aus einem Ort, damit man alles betrachten kann.","Emotionen, eindruck, ",1,"",1,1,1,1,"",OK
fed349dc,402,684,control,"Ich bin kreativ, rücksichtsvoll, geduldig und einfühlsam. 
Ich bin schlecht darin mich zu konzentrieren. ",2,2,1,2,3,"Anleitung mauernbau 
Verstärkung Mauer durch vertikales Rohr 
",Bearbeitung von Aufgabe unter Zeitdruck nachdem man sich auf informations Input  konzentrieren musste ,1,"",1,1,1,1,"",OK
ceae91a9,402,684,exp_old,"Meine Stärken sind meine Spontanität und Offenheit gegenüber neuer Dinge. Ich verstehe mich schnell mit neuen Leuten und kann späße machen. Ausserdem bin ich sehr leicht für die kleinen Dinge im Leben zu begeistern. Ich habe ein gutes Verhältnis zu meinen Freunden und Familie und umgebe mich meistens nur mit Leuten die mir gut tun. 
Meine Schwächen sind dass ich faul bin und zu viel über Sachen nachdenke. Ich bin nicht zufrieden mit mir selbst. Ich habe oft Angst vor Sachen und überdenke viel. Es fällt mir schwer für manche Dinge Motivation zu finden",3,1,4,3,4,Größe unserer Welt,"Nachdem man so ein Video gesehen hat soll man vielleicht merken dass wir nur ein sehr kleiner Teil des Universums sind und dass wenn wir Fehler machen es nicht schlimm ist
Oder
Zeigen dass es manchen Leuten viel leichter fällt über ihre Schwächen als über ihre Stärken zu erzählen ist",1,"",1,1,1,1,"",OK
176a334d,390,699,exp_old,"Ich denken meine stärken sind es: Zuzuhören, Menschen aufzumuntern und zielstrebig zu sein. Meine schwächen sind es: ungeduldig zu sein, und mich emotional schnell reinzuhängen.",4,3,4,3,7,"-Erde
-Sonnensystem
-verschiedene Sterne 
-Das die Erde kleiner ist als vieles andere im Universum ",Um das Selbstbild von uns Menschen und unsere Wahrnehmung auf die Umwelt. ,1,"",1,1,1,1,"",OK
a6d0a925,390,699,control,"ich bin zuverlässig, selbstständig und empathisch. Wobei meine Empathie auch manchmal eine schwäche ist. ich kann mich in jeden hineinversetzen auch wenn mir unrecht getan wurde. ich habe schwierigkeiten nein zu sagen und bin sehr perfektionistisch. ",2,1,2,1,3,wie man eine mauer baut,ich hab wirklich absolut keine ahnung sorry,1,"",1,1,1,1,"",OK
79bf5385,2240,1208,control,"freundlich, verantwortungsbewusst, tierlieb, grosszügig, ungeduldig, unentschlossen, zu nett und mache mehr Alls ich will, Rechtschreibung, ...",1,1,1,1,1,"-mauerbau
-werbe Video",interesse,1,"",1,1,1,5,Mac,OK
c51565b2,1319,1081,exp_old,"Sozial, eher einfühlsam ´, ruhig, handwerklich geschickt, leichtes computer verstehen

Schlechtes Gedächtnis, hasse Konfrontation, lsr , wenig Energie",2,1,4,3,4,Größen vergleiche von unseren Planeten mit Sternen aus der Galaxy ,Menschliches empfinden,1,"",1,1,1,5,iMac,OK
510ef180,384,802,control,"Meine Stärken sind, dass ich meinem gegenüber ausmerksam zuhören kann, mir Dinge gut merken kann und diszipliniert bin. Außerdem finde ich gut Lösungen für ein Problem, was ich habe und verzweifle nicht daran.

Meine Schwächen hingegen sind, dass ich schnell wütend und gestresst werde. ",1,1,3,3,5,Wie man ein Rohr vertikal in eine Mauer einbauen kann,Um Kompetenzen und Aufmerksamkeit,1,"",1,1,1,1,"",OK
3e35c44c,1920,1080,exp_old,"organisiert, pünktlich, fürsorglich, gute Teamarbeit, guter Zuhörer

unordentlich, schnell emotional, Kein guter Stressumgang",5,4,7,6,7,Erdgröße im Verglich zu Planeten,zeigen wie klein & unbedeutent Sachen sein können im Großen & ganzen,1,"",1,1,1,3,"",OK
3319389d,392,724,control,"Freude über den Verstand, die Kreativität und Logig, die Gott dem Menschen gegeben hat. Staunen über die Schönheit die mit praktischem und schützendem verbunden ist. Meine Schwäche, ich lese keine Gebrauchsanweisung und scheitere mittendrin.",7,1,7,7,7,"Mauer bauen, Anleitung, Verstärkung, Stabilität, Kreativität, Schönhei",Aufnahmefähigkeit,1,"",1,1,1,1,"",OK
04f41233,440,796,exp_new,"Begeisterungsfähig, Kreativität, Leidenschaftlich, Musikalisch, Humorvoll.

Undiszipliniert, leicht ablenkbar, ",5,1,7,6,7,"Wir als Planet in einem Universum, das in seiner Größe für uns gar nicht vorstellbar und greifbar ist.",Ob man dran bleibt? 😉,1,"",1,1,1,1,"",OK
234f54a1,,,exp_new,"",,,,,,"","",,"",,,,,"",OK
be7b823b,384,652,exp_old,Meine Arbeit fertig zu bekommen. Für mich keine Zeit einzuplanen. ,3,1,4,1,4,Von unserem Weltall mit den Planeten und Sonnensystem ,Was die Planeten  mir bedeuten .,1,"",1,1,1,1,"",OK
b0fb9192,360,649,exp_old,"Meine Stärken sind Hilfsbereitschaft 
Extrovertiert bin immer für andere da
Ich kann schlecht nein sagen 
",2,3,1,3,2,Planeten,Kann ich nicht sagen,1,"",1,1,1,1,"",OK
b0b49ec6,750,304,exp_new,"Oft gelingt es mir ein Referat noch in knapper Vorbereitung gut zu halten und es macht mir Freude vor anderen vorzutragen. Ich liebe es Musik zu machen und hab von anderen schon rüchgememeldet bekommen, dass es eine Stärke ist. Ich kann mir Informationen schnell einprägen. Meine Schchen sind, dass ich manchmal andere warten lasse, dass ich in sozialen Kontexten öfter unsicher bin und Aufgaben sehr perfektionistisch erledige. ",5,6,7,1,6,"Erde, in Milchstraße in Galaxie. Ehrfurchteinflößende Größe.",Um eine Nachstudie? ,1,"",1,1,1,1,"",OK
506ac078,390,699,exp_old,"Zuverlässigkeit 
Kommunikationsbereit 
Kreativität 
Selbstständigkeit 
Belastbarkeit 
Verantwortungsbewusst 
Teamfähigkeit 
Lernbereitschaft 
Guter Zuhörer 
Zu perfektionistisch 
Ungeduldig 
People pleaser 
",4,3,5,2,6,"Zuerst sieht man ein Häuserkomplex auf der Erde 
Es wird herausgezoomt 
Dann werden andere Planeten gezeigt, z. B. Mars, Jupiter (als Vergleich zu Erde) 
Die Planeten werden immer größer 
Danach kommen Sterne wie die Sonne.
Anschließend werden riesige Sterne verglichen (im Vergleich zu Erde)","Vielleicht um Perspektive?  Das Universum zeigt, wie klein wir sind, danach richtet man auch den Blick auf das eigene Leben und die eigene Rolle in der Gesellschaft",1,"",1,1,1,1,"",OK
41175607,390,699,exp_new,"",,,,,,"","",,"",,,,,"",OK
c3b754d2,2240,1170,exp_old,"Ehrlich, Ruhig, zurückhaltend

gibt zu leicht nach, ",1,1,1,1,1,Vergleiche von den Größenunterschieden der einzeln Planten,Größe der Erde,1,"",1,1,1,5,I Mac,WARNING
bc858239,1272,635,exp_old,"Ich bin gut darin, einmal gefasste Pläne tatsächlich umzusetzen. Dazu habe ich ausreichend Selbstvertrauen, um Neues zu lernen und Unsicherheit auszuhalten. Ich bin aufrichtig und ehrlich und offen für neue Erfahrungen, Perspektiven und Eindrücke. Ich arbeite kreativ und bin begeisterungsfähig. Allerdings bin ich nicht besonders resilient, gerate schnell in Stress, rege mich auf oder werde traurig. Ich bin zu perfektionistisch mit arbeiten und habe ein schlechtes Gefühl dafür, wann ich aufhören muss, um mir selbst nicht zu schaden. Ich werde zu leicht wütend und kann keine Grenzen setzen. ",5,2,6,7,7,"Die Größendimensionen, in denen die Erde und andere Planeten zu einander stehen. ","Ob sich die Extreme, in der wir eigene Stärken und schwächen empfinden, daran relativiert, sich bewusst zu machen, wie klein wir im Universum sind. ",1,"",2,1,1,3,"",OK
baa204f0,390,655,exp_new,"Stärken:
- hilfsbereit 
- aufrichtig 
- kann mich durchsetzen
- guter Zuhörer

Schwächen: 
- nachtragend
- overthinking 
- stemple Leute schnell ab
- sollte mutiger sein",7,2,7,5,7,"- die Größe des Universums
- Vergleich wie klein wir sind zu wie groß wir denken dass unsere Probleme sind 
- Relation Erde Sonne andere Sterne in der Galaxie und andere Galaxien","Vielleicht als wie wichtig sich die Leute selbst und andere betrachten bzw wie das Video auf Personen mit unterschiedlichem Selbstbild wirkt, dass ängstliche Personen zB ehrfurchtsvoller sind",1,"",1,1,1,1,"",OK
3924764d,384,661,exp_new,"Gut zuhören
Oft keine Geduldoft nicht kompromisbereit",7,1,6,5,6,Weltall,Wissenschaft,1,"",1,1,1,1,"",OK
ec9a34f0,1194,665,exp_old,Anpassungsfähig und stets zuverlässig ohne Bedingungen,3,3,6,6,5,"Über das Universum, d","Um zu sehen, wie die emotionalen reaktionen einer person sind",1,"",1,1,1,2,"",OK
ad47ab8e,384,678,exp_new,"Zu meinen Stärken zählen Pünktlichkeit, Hilfsbereitschaft, Empathie, Ehrgeiz, Zielstrebigkeit und Disziplin.

Zu meinen Schwächen zählen, dass ich wenig Geduld habe und dass ich Verantwortung ungern abgebe, weil ich denke, dass das Ergebnis dann nicht so wird wie ich es mir wünschen würde. Dies liegt auch ein wenig an meinem Perfektionismus, wobei ich denke, dass Perfektionismus nicht immer unbedingt negativ sein muss. In meinem Fall aber meist schon, da ich mir einige Zeit und Stress ersparen würde, wenn ich nicht so perfektionistisch wäre",3,1,5,4,5,"- Von der Erde immer kleiner werdend in Richtung Weltall
- Die Milchstraße und Sterne wurden gezeigt
- Man tauchte immer tiefer ins Weltall","Schwer zu sagen. Möglicherweise:
- Aufmerksamkeit testen
- Wie wirkt sich gesehenes, z.B. als Video auf unsere Emotionen aus? Was können wir währenddessen fühlen? Können wir unsere Stärken und Schwächen besser benennen, wenn wir wissen, dass wir nur einen winzigen Bruchteil im ganzen Universum ausmachen?",1,"",1,1,1,1,"",OK
2e46c856,1319,1043,exp_new,"Zuverlässig, Fleißig, Pflichtbewusst,  Ausdauernd, lebensfroh, 

übernimmt mich leicht, kraft schlecht einteilen, tue mich schwer verbal zu wehren ",1,1,7,6,7,"Große Wiesen in der Stadt, - immer weiter weg ins All, Satelliten, Sterne, große Helligkeit",Nein ,1,"",1,1,1,5,IMAC,OK
195415a8,393,638,control,"",,,,,,"","",,"",,,,,"",OK
8b25e2f6,384,659,exp_old,"Empathie, Mut, Selbstvertrauen, Optimismus",5,1,5,5,6,"Universum
Erde als Teil des Universums","Kosmische Perspektive 
Overview effect",1,"",1,1,1,1,"",OK
5407c7a4,414,750,exp_old,"Meine Stärken sind, dass ich mein Wort halte, dass ich sportlich bin, dass ich ehrlich bin , dass ich geduldig bin und anderen gut zuhören kann andere motiviere und immer versuche mein Bestes zu geben 

Meine Schwächen sind Pünktlichkeit, Faulheit teilweise etwas schüchtern, Rechtschreibung und Ernsthaftigkeit ",6,5,5,4,6,"Es handelt von unserem Universum 
-Die Erde ist kleiner als man denkt 
-Es gibt so viel mehr ","-Darum das kleine dinge, großen Einfluss haben können oder vielleicht, dass es immer etwas größeres gibt bzw. jemanden gibt der besser ist. Oder das man sich nicht immer so Stress machen soll, weil es eh nicht wirklich wichtig ist, und man sich trauen soll die Dinge zu tun an denen man zweifelt oder vor denen man Angst hat ",1,"",1,1,1,1,"",OK
da67dbb9,1536,791,control,"Ich bin eine geduldige Person, wenn nicht sogar eine sehr geduldige Person. Außerdem bin ich kreativ, dass kann zum einen im künstlerischen Bereich ausdruckt werden aber auch in der Problemlösefähigkeit. Im Arbeitstechnischen Kontext würde ich sagen, bin ich auch eine gute Zuhörerin und kann empathisch auf andere Personen eingehen. 

Manchmal bin ich etwas langsam, daher ist Pünktlichkeit nicht meine größte Stärke. ",1,1,4,6,7,"Aufbau einer Mauer
Festigungsmaßnahmen, zum sicheren Bau der Mauer
weibliche Person hat die Mauer gebaut sowie die Stimme gesprochen.","Ich habe keine Ahnung. 

Wahrscheinlich um Stärken und Schwächen und wie die Protagonistin mein Denken beeinflusst?",1,"",1,1,1,3,"",OK
fb6011f4,402,714,exp_new,"Stärken: - empathisch
-neugierig 
-liebevoll
- nett
- kontaktfreudig

Schwächen:
- oft traurig
- energielos
- faul
",1,1,1,1,1,Erde und die Galaxie,Keine Ahnung 😅,1,"",1,1,1,1,"",OK
ad38938c,393,695,exp_new,"Ich würde sagen, zu meinen Stärken gehört, dass ich gut organisiert bin. Meistens habe ich einen plan und wenn alles klappt, halte ich mich an diesen auch. 
Meine Größte Schwäche ist wahrscheinlich, dass ich, wenn ich gestresst bin, ziemlich oft sehr gereizt bin und dann lasse ich meine schlechte Laune manchmal an anderen aus.",4,1,6,4,5,"- das video startet auf einem kleinen Feld 
- dieser ausschnitt wird kurz gezeigt, bevor das ganze immer weiter rauszuzoomen bis zur galaxy ",Vielleicht wie gut man sich das geschaute merken kann und wie der ton das ganze beeinflusst ,1,"",1,1,1,1,"",OK
71957a55,411,784,control,"Meine Stärken liegen in Strukturierung meiner Arbeit, sowie einer hohen Detailgenauigkeit der Umsetzung.
Es fällt mir leicht mich schnell in neue Themen einzuarbeiten und dafür begeistern zu lassen.
Die Schattenseiten dieser stärken sind ein innere Suche nach neuen Aufgaben und die Bewältigung des Zeitmanagements.",3,1,1,1,1,"Bauhaus Produktwerbung?
Mauersystem welches über Metall Stangen stabilisiert und mit einem Klebemix fixiert wird.","Wie sich die Sabotage der Aufmerksamkeitsspanne die Selbsteinschätzung beeinflusst.

Zeitgefühl, da das Video die selbe Dauer wie die Textaufgabe hatte. Beide fühlten sich endlos an, nur bei der Textaufgabe kam das Gefühl von fehlender Zeit auf während des videos man sich wünschte vorspulen zu können",1,"",1,1,1,1,"",OK
7af539b8,378,674,control,"Meine Stärken finden sich unteranderem im logischen Denken. Weiterhin fällt es mir leicht Sachen zu analysieren und diese auch anzuwenden, sowie Argumente in Debatten aufzustellen. Schwächen sind Aufmerksamkeit und sofortige Aufnahme von Informationen. Mir fällt es schwer Sachen direkt aufzunehmen ohne darüber nochmal nachzudenken. ",1,1,2,1,3,"Es handelt um die Stabilisierung von Mauern. 

Unternaderm kann dies durch die Form der Mauern erreicht werden oder durch andere Methoden. 

Zum Beispiel durch das Einfügen eines Metallstabes.",Inwiefern Selbsteinschätzung durch bewusstes Teilnehmen an einer Studie in Verbindung mit Zeitdruck etc. Beeinflusst werde kann.,1,"",1,1,1,1,"",OK
5f67d2b4,390,645,exp_new,"Ich bin einfühlsamer Mensch, der sich sehr um das Wohl seiner Mitmenschen kümmert. Ich verstehe Zusammenhänge sehr schnell und kann mich für etwas, was mich sehr interessiert auch sehr schnell begeistern. Dann mache ich dies auch gewissenhaft und fokussiert. Ich bin freundlich und lächel viel und versuche immer an mir zu arbeiten. Ich habe Durchhaltevermögen. Meine Schwächen sind, dass ich zu Perfektionismus leide, was mich  prokrastinieren lässt. Außerdem nehme ich mir Dinge durch meine Einfühlsamkeit oft zu persönlich und reagiere sehr sensibel.",1,1,1,1,1,"Daran, wie unbedeutend der Mensch und die Erde im gesamten Universum ist.",Keine Ahnung,1,"",1,1,1,1,"",OK
0202d8be,411,712,control,"Ich bin offen gegenüber neuen Personen und Erfahrungen. Ich kann gut zuhören. Ich bin freundlich, hilfsbereit und loyal.
Ich bin ungeduldig und schnell genervt, wenn andere Personen nicht aufpassen und mir dadurch im Weg sind/mich behindern. ",2,1,2,2,3,"Aufbau von Steinmauern
Wie man für Stabilität in Mauern sorgt (Rohre, Kleber, Verzahnung)
Variationen in Mauern in Höhe, Kurven, Material","Aufmerksamkeitsspanne und Konzentrationsfähigkeit von Teilnehmern
Geduld von Probanden",1,"",1,1,1,1,"",OK
5aa9e309,402,714,exp_new,"Stärken: 
- Zuverlässig 
- Ehrgeizig 
- Empathie
- Organisiert 

Schwächen: 
- perfektionistisch 
- Selbstbewusstsein 
- Mit Kritik umgehen ",1,1,4,3,5,"- ein Ort wurde immer weiter rausgezoomt
- Man hat den Planeten Erde gesehen und das Universum, andere Sterne und Planeten ","Welche Emotionen Menschen dabei haben, zu sehen, wie „klein“ man auf der Erde und im gesamten Sonnensystem eigentlich ist  ",1,"",1,1,1,1,"",OK
a0315e6d,384,637,exp_new,"Ich habe ein gutes Organisationstalent und bin sehr strukturiert, besonders liebe ich meine ToDo Listen. Wenn diese abgearbeitet  sind ist es ein Gefühl der Zufriedenheit. Mit der Stärke geht aber auch die Schwäche einher. Ich muss alles fertig bekommen, andernfalls bin ich sehr unzufrieden mit meiner Leistung. Gilt beides sowohl für den Beruf als auch privat.",5,2,6,4,6,"Von der Erde, der Atmosphäre, unserer Galaxie, dem unendlichen Universum","Von Unendlichkeit, große Probleme wirken klein, ein einziger ist Teil von etwas Ganzem und Großen, um Forschung und unstillbare menschliche Neugier",1,"",1,1,1,1,"",OK
8a9402d1,393,695,exp_old,"Empathisch
Zugewandt
Ehrlich
",4,1,6,3,6,Von verschiedenen Planeten und deren Größe im Vergleich zur Erde. ,Es ging darum welche Planeten es gibt und wie groß diese im Vergleich zur Erde sind. ,1,"",1,1,1,1,"",OK
dc771732,414,714,exp_old,"sozil
aufgeschlossen
ehrgeizig 

",3,2,5,1,3,Verschiedene Planeten,Entdeckung weiterer Planeten,1,"",1,1,1,1,"",OK
625791ea,750,334,exp_old,"Zuhören können; Empathie zeigen: das würde ich als Stärke bezeichnen. 
Eine Schwäche ist allerdings, mein eigenes Können und meine Fähigkeiten als solche nicht benennen zu können. Selbstkritik und Selbstzweifel sind meine Schwächen. ",7,1,4,1,5,"Dimensionen
Verhältnis und Relation
Raum und Zeit
","Wer wir sind und was es außer uns Menschen noch gibt. Persönlichkeit und Individualität des Einzelnen. Alltags“Probleme“, die wir als schwerwiegende Themen und existenziell schwer empfinden.",1,"",1,1,1,1,"",OK
9a4faac5,375,634,exp_new,"Meine Stärken sind, dass ich mich zeitlich selbst koordinieren kann und mich darauf verlassen kann eine Leistung zu erbringen auch wenn der Weg bis dahin schwer wird.
Meine Stärken sind, dass ich anderen gut zuhören kann und auch zumindest einigermaßen gute Ratschläge geben. 
Meine Stärken sind dass ich ein wundervolles Umfeld habe, das mich immer unterstützt und mir ein sicheres netzt bietet. ",5,1,3,5,4,Kleiner Ausschnitt der Erde wird heruasgezoomt bis man unsere Milchstraße und viele weitere Galaxien sehen kann,"Ich kann mir vorstellen dass das Video darum geht, wie sich Menschen aus einer differenzierten Vogelperspektive sehen und vielleicht wie es sich auf die Beschreibung der eigenen Person Auswirkt, wenn man durch das Video diese Perspektive und das Gefühl bekommt ein Teil von etwas größerem zu sein",1,"",1,1,1,1,"",OK
846586be,384,652,exp_new,"Stärken: Kreativität, Eloquenz, Problemlösefähigkeit, Offenheit, Neugierde, schnelle Auffassungsgabe, Lern- und Leistungsbereitschaft

Schwächen: Perfektionismus, Selbstkritik, Inflexibilität, fehlende Spontanität",7,5,5,1,5,Herauszoomen in immer größere Verhältnisse: Gebäude - Erde - Sonnensystem - Galaxie etc. mit Musikuntermalung,Untersuchung des Effekts von Awe auf die Selbsteinschätzung,1,"",1,1,1,1,"",OK
f66d6aca,,,exp_new,"",,,,,,"","",,"",,,,,"",OK
c8b78aef,1294,903,exp_old,"Ich bin in der Regel sehr empathisch mit meinen Mitmenschen und anderen Lebewesen, habe eine relative gute Auffassungsgabe und bin eig ziemlich humorvoll.
Auf der anderen Seite kann ich negatives Feedback oft nicht sofort akzeptieren und brauche meist etwas Zeit um dieses zu verarbeiten, zudem bin ich manchmal etwas starr in schon gefestigten Verhaltenswegen.",5,2,4,3,5,"Größenverhältnisse zwischen Planeten/Sternen etc
Verdeutlichung, wie klein die Erde im Universum ist und wir auf ihr","evtl darum, ob Menschen ihre Stärken und Schwächen je nach Video anders beschreiben/auswählen",1,"",1,1,1,3,"",OK
dea67386,,,exp_old,"",,,,,,"","",,"",,,,,"",OK
88e60194,411,736,control,"Meine Stärken: gut zuhören, mich um andere kümmern, Kommunikativ, 
Meine Schwächen: zu wenig für mich machen.",3,1,2,4,5,Viele Mauern und wie diese befestigt werden.,Keine Ahnung.,1,"",2,1,1,1,"",OK
12b1e666,411,752,exp_old,"Meine Stärken sind Teamfähigkeit, zuverlässig Treue Ehrlichkeit
Meine Schwächen schnell impulsiv und dann manchmal ungerecht",7,2,6,7,7,Un unser planetensystem,Um planeten,1,"",1,1,1,1,"",OK
e4f63332,,,control,"",,,,,,"","",,"",,,,,"",OK
704f51f7,402,684,exp_new,"Eine meiner größten stärke würde ich sagen ist meine Empathie. Ich kann mich sehr gut in die gefühlswelt von anderen hineinversetzen, und nachvollziehen was sie gerade denken oder fühlen. Dadurch kann ich gut für andere da sein und wirke vertrauenswürdig. Eine meine Schwächen würde ich sagen ist mein Perfektionismus, ich kann mich schlecht mit Niederlagen zurechtfinden und muss immer unbedingt die beste sein ",5,1,6,5,6,"Von einer Ansicht ausgehen von unserer Erde bis hin zu anderen Galaxien 
So ein Zoom out ",Vielleicht ob die induzierte Emotion etwas mit meinen Stärken und Schwächen zu tun hat ,1,"",1,1,1,1,"",OK
2d492a1e,1366,599,control,"Meine Stärken sind: schnelles erfassen einer Gesamtsituation in Gruppen ,Verantwortungsgefühl und Bereitschaft diese zu übernehmen, Kreativität und Ausdauer
Meine Schwäche ist Ungeduld und dass ich mich schnell ärgere",1,1,2,1,2,"es handelte von praktischen Tipps, wie man eine stabile Mauer (zb im Garten) bauen kann.verwendet man Bausteine mit Löchern,  kann die Mauer durch Einführen von Metallstangen in diese Löcher verstärkt werden. Ausserdem geben Rundungen blockartige Türmchen und ähnliches zusätzliche Stabilität. Oben wird mit Endplatten abgeschlossen, die verklebt werden können.","Die Aufmerksamkeitsspanne der Testperson beim Betrachten  eines ziemlich schlecht gemachten ,langweiligen Videos  nachzuvollziehen?
Die Menschheit zum Bauen von mehr Mauern zu animieren?

",1,"",1,1,1,3,"",OK
1b22d5b0,411,774,exp_old,"Staerke:
Aufmerksam
Zuverlaessig
Konsistent
Resilient
Hat Werte

Schwaeche
Pleasing
Schwaches Gedaechtnis 
",4,1,6,5,7,"Universe ist gross
Wir sind klein",Alles ist relativ,1,"",1,1,1,1,"",OK
7fcb532c,390,699,control,"Pünktlichkeit
Empathie 
Gutmütigkeit
Hilfsbereitschaft


Selbstzweifel
Perfektionismus
Disziplinlosigkeit
",1,1,1,1,1,"Mauerbau, Stabilität",Wie kann ich meine Stärken besser verankern,1,"",1,1,1,1,"",OK
7d301c40,393,695,control,"Stärken:
- offen
- freundlich und respektvoll
- empathisch
- motiviert
- aufrichtig

Schwächen:
- Bedürfnis, immer helfen zu müssen
- hinterfrage mich selbst oft und reflektiere ein Stück zu viel
- in gewissen Themen etwas faul",2,1,3,2,2,Mauerverstärkung mit Metallrohr,keine Idee ,1,"",1,1,1,1,"",OK
596d02ef,1180,724,control,"Empathie, sozial sein, kontakte pflegen, 
Sorgfältig ordentlich, planend, sportlich locker entspannt 

Overthinker, nicht genug diszipliniert 
Teilweise faul 
",1,1,3,4,3,"Von einem Video, dass mir erklärt wie man Mauern stabil  baut ",Puhh schwer vielleicht um meine Aufmerksamkeitspanne?,1,"",1,1,1,2,"",OK
5ad7dff7,1440,810,exp_new,"Ich bin vor allem gut darin, große Informationsmengen zu erfassen und zu verarbeiten. Außerdem bin ich diszipliniert, analytisch und ganzheitlich denkend und meinen engsten Mitmenschen gegenüber sehr zuwendungsfreudig.
Zu meinen Schwächen zählen vor allem das schnelle denken, sowie strukturiertes Lösen komplexer Aufgaben und kreativer Ausdruck.",2,1,4,6,6,Relativierung von Größenverhältnissen im Universum,"Selbsteinschätzung in einem größeren, relativierenderen Kontext (wir sind klein auf der Erde und das Universum ist so gigantisch groß). Scheinbar aber nur ein Teil der Studie (weil ist ja kein Vergleich von Selbstienschätzung ohne gesehenes Video), sondern Verknüpfung mit anderer Art von Selbstbilduntersuchung (vielleicht Text von jemand anderem lesen als Einsteig, dann selbiges wiederholen und auf Auswirkung schauen).",1,"",1,1,1,3,"",OK
0de45120,390,699,control,"Ich kannn viel in kurzer Zeit lernen, lass mich nicht Stressen und bin insgesamt sehr sozial. Aber ich brauche oft Wiederholung um Fakten gut abrufen zu können. Ich bin auch etwas tollpatschig",1,1,3,2,2,"- Konstruktion von Mauern
- Stabilität durch Bauen von Ecken und Kurven 
- Stabilität durch Einbauen von Keilen in den Boden und eine Anleitung um dies zu tun",Informationen abrufen,1,"",1,2,1,1,"",OK
c11debf6,,,"","",,,,,,"","",,"",,,,,"",OK
aa38d3c8,393,695,exp_new,"Stärken:
Empathie, Geduld, Sprachbegabung, Fokussierung, 

Schwächen:
Mathematik, Anführen/ Leiten, ",3,1,3,3,6,"Unendlichkeit
Universum
Galaxien
Sterne 
Erde

",(Wie) Beeinflusst der Gedanke an die eigene Unwichtigkeit im unendlichen Universum die Selbsteinschätzung?,1,"",1,1,1,1,"",OK
7d846145,1366,905,exp_old,"Meine stärken liegen darin, schnell muster zu erkennen und logische konstrukte bzw. Systeme von abhängigkeiten zu visualisieren. Ich erkenne in sozialen situationen schnell affekte und emotionale zustände von bestimmten personen. Eine meiner schwächen liegt darin, gedanken und intentionen so zu formulieren, dass sie bei anderen menschen auch richtig ankommen.",3,1,6,4,6,Größenverhältnisse von unserem lebensraum auf menschlicher größe bis zu den größten bekannten sternen,"Einfluss von sensorischem input, der emotionen wie demut oder erfurcht auslöst, auf irgendeine kognitive fähigkeit, mitteilungsqualität oder so.",1,"",1,1,1,2,"",OK
b5e1a812,384,678,control,"Ich bringe Menschen zusammen, habe ein gutes Feeling, wie man kommunikativ gewinnen agiert.
Ich kann gut zuhören und Kriseninterventionen machen. 
Ich habe viele praktische Fähigkeiten, kann andere begeistern. 
Leider verzettle ich mich manchmal und mache mir unnötig Stress, weil ich mir zu viel vornehme.
Manchmal agieren ich zu emotional.",1,1,2,1,2,Wiean Mauern stabil bauen kann,Aufmerksamkeitslevelidgendwas im Hintergrund ,1,"",1,1,1,1,"",OK
a445cfbf,390,667,exp_old,"",,,,,,"","",,"",,,,,"",OK
672802d9,747,279,control,"Ich bin empathisch 
Ich kann mich gut in neue Aufgaben und unbekannte Themen eindenken.
Ich habe keine Angst vor Konflikten 
Komplizierte Dinge einfach ausdrücken 

Mir fällt Kontakt zu anderen Menschen eher schwer.
Führung übernehmen und andere mitnehmen ist schwierig ",2,2,2,6,6,"Mauerbau mit Fertigelementen.
Anleitung zur Stabilisierung der Einzelelemente ",Wie wirkt sich eine erst kompliziert erscheinende Anleitung auf die Selbsteinschätzung aus?,1,"",1,1,1,1,"",OK
fe6bdaca,390,645,exp_new,"Ich bin sehr einfühlsam und offen und gehe auf jeden menschen ein. Ich bin freundlich und kreativ und kann stark meine meinung vertreten, wobei ich aber nicht auf füße trete. ich versuche bei allem mein bestes zu geben, jedoch reicht mir manchmal nicht die motivation. ich bin vergesslich und und manchmal werd ich schnell emotional, was auch eigentlich was schönes ist. ich kann mich nicht gut konzentrieren obwohl ich musste. ",3,4,5,2,4,"die größe des universums, eine art der unendlichkeit ",die wahrnehmung von etwas unendlichen und wie es auf einen einwirkt  ,1,"",1,2,1,1,"",OK
9e35b4b2,384,801,exp_old,"Emotionale Kommunikation, Kommunikation, Problemlösung, Empathie, Priorisierung, interessiert an allen, Negativ: manchmal zu emotional, zu beschäftigt, overthinker, Burnout-inducing arbeitsmoral, unsicher",2,1,5,2,5,"Darstellung von Planeten, Vergleich von Größen, Hauch von Philosophischer Wertvorstellung, provozierte Emotionalität durch epische Musik. ","Non-signifikanz menschlichen Lebens im Kontext,Staunen",1,"",1,1,1,1,"",OK
0c3fae30,695,273,control,"Ich bin zuverlässig und man kann sich immer auf mich verlassen, wenn man mich um etwas bittet.
Außerdem komme ich gut mit den meisten Menschen klar und kann mich gut in sie hineinversetzen.",2,5,1,2,2,"Wie man mithilfe von Hilfs-Stangen stabile Mauern bauen kann.

",Ich checke nicht worum es geht.,1,"",1,1,1,1,"",OK
2e887444,1536,695,exp_old,"Stärken:
- ruhig bleiben, auch in konfliktgeladenen/stressigen Situationen
- reflektierter Umgang mit anderen
- zielstrebig
- ausdauernd dabei, auf etwas hinzuarbeiten
- leistungsfähig
- anpassungsfähig

Schwächen:
- Dinge in mich hineinfressen, lieber Ungerechtigkeit/Stress ertragen, als eine Konsequenz zu ziehen
- Grübeln
- über körperliche Belastbarkeit arbeiten, trotz Stress/Krankheit arbeiten",5,1,5,7,6,"- Größenvergleich von Planeten/Sternen
- Sonnensystem, dann darüber hinaus zu anderen Sternen
- vom kleinsten (Erdenmond) zum größten Stern","Einfluss von Emotionen (wie z. B. Freude und Faszination) auf Selbsteinschätzung als Prime, sodass mehr Stärken als Schwächen in den Vordergrund treten",1,"",1,1,1,3,"",OK
f76e89e3,390,699,control,"Meine Stärken sind analytisches Denken, verstehen von komplexen technischen Zusammenhängen und Problemen. Außerdem kann ich anderen meine Überlegungen zu diesen Problemen und Lösungsansätzen darlegen und argumentieren. 
Meine Schwächen finden sich darin dass ich mich übermäßig selbstbewusst verhalte in Themen, die mich stark interessieren ",1,1,1,2,1,"Das Video hab einen Überblick über die Konstruktion von Steinmauern, besonders im Bezug auf Garten und Terassenanlagen. Dabei stellte es ein Prinzip vor, durch das man besonders hohe Steinmauern gegen verrutschen Fixieren kann",Keine Ahnung ,1,"",1,1,1,1,"",OK
25422a53,800,331,exp_old,"Meine Stärken sind, dass ich gut zuhören kann, aber vor allem bei persönlichen Dingen, dass ich hilfsbereit bin und lieb und lustig! Allerdings kann man nicht pauschalisieren, dass ich immer bei allem gut zuhören kann, weil ich mir bei eher uninteressanten bzw. stark detaillierten Informationen diese nicht merken kann, weil es zu viel ist! Ich denke, ich bin ein reflektierter Mensch, also sollte das, was ich sage, schon stimmen, allerdings ist es auch wichtig, stärken und Schwächen von der Meinung anderer abhängig zu machen! ",5,1,7,4,7,"Von der Größe verschiedener Planeten unseres Sonnensystems 
Erst wurde innerhalb der Erde rusgzeoomt ins Weltall 
Von da dann zu den anderen Planeten unseres Sonnensystems und danach außerhalb unseres Sonnensystems","Wie gut man sich Sachen merken kann 
Wie gut man mit völlig verschiedenen Themen, die nacheinander behandelt werden, umgehen kann und sich darauf einlassen kann und sich trotzdem wichtige Sachen des anderen Themas zu merken ",1,"",1,1,1,1,"",OK
74f1d636,375,670,exp_old,"Meine Stärken sind meine Empathie und schnelle Auffassungsgabe.

Meine Schwächen sind mein Bizeps und mein Stressmanagement.",5,3,5,4,5,"- es handelt von unserer Galaxie
- es vergleicht die Erde in ihrer Größe mit anderen Planeten und Sternen, indem immer weiter rausgezoomt wird ","- vielleicht, wie Menschen emotional auf dramatisch musikalische Begleitung reagieren ",1,"",1,1,1,1,"",OK
2ee2d752,390,699,exp_old,"Ich bin empathisch und mag sehr gerne unter Menschen sein. Ich verstehe mich mit vielen Leuten gut und mache viele verschiedene Sportarten, die mir sehr gut gefallen. Ich bin meistens freundlich und respektiere jeden. Ich mag sehr gerne Tiere.
Manchmal bin ich übermütig und rede zu viel.",6,2,7,5,7,Größenordnung verschiedener Sterne Planeten im endgültigen Vergleich mit der Größe der Erde und der dadurch scheinbaren irrelevanz derselben ,Wie Menschen sich selbst einschätzen in ihrer Bedeutung,1,"",1,1,1,1,"",OK
57179212,1920,943,control,"Ich begegne der Natur und Menschen mit einem Lächeln. Die Wichtigkeit des Einklangs von Natur und Mensch sollte priorisiert werden. Vielleicht entsteht durch dieses Bewustsein eine Dynamik die alles positiv verändert.

Ich kann nicht verstehen, warum man von der Priorisierung abweichen sollte.",4,1,4,4,4,Von einer Anleitung zum Bau einer Mauer.,Den Fokus durch ein Video zu lenken/manipulieren und daraus resultierend die Antworten zu antizipieren.,1,"",1,1,1,5,PC,OK
510383dd,,,control,"",,,,,,"","",,"",,,,,"",OK
c69c137c,1710,991,exp_old,"Ich denke eine Stärke von mir ist es, anderen Personen zuzuhören. Außerdem würde ich sagen, dass ich zuverlässig bin.

Schwächen von mir sind, dass ich mich leicht stressen lasse oder zu sehr mit anderen vergleiche.",2,1,2,6,6,ein Größenvergleich der Objekte im Universum,"Vllt, ob ich mich durch das Video klein und unbedeutsam fühle und wie sich das auf meine Selbsteinschätzung auswirkt.",1,"",1,1,1,3,"",OK
da024232,1180,648,control,"Loyal, hilfsbereit, konsequent, offen, selbstbewusst, penibel, faul",1,1,4,2,3,"Mauerbau, Verstärkungsmöglichkeiten","Nicht um Mauerbau
Ängste",1,"",1,1,1,2,"",OK
d803dff7,2560,1314,exp_new,"Zu meinen Stärken gehört kreatives Denken. Mir macht es viel Spaß über verschiedene Lösungsansätze nachzudenken und kreative Ideen einzubringen. 
Außerdem erkenne ich schnell Zusammenhänge zwischen verschiedenen Dingen, wie zum Beispiel in der Mathematik. Ich  habe denke ich eine relativ gute Auffassungsgab und einen guten Orientierungssinn. ",6,2,5,4,6,"Rauszoomen von Gebäude in Duetschland zur Erde, dann zum Sonnensystem, dann in die Milchstraße usw. ","Darum weie klein und unbeduetend man issch fühlt und weniger klein die Probeeme, wenn man sich selbr mal in Perspektive setzt. ",1,"",1,1,1,4,"",OK
246353c7,390,699,exp_old,"Ich denke positiv über meine Fertigkeiten 
Ich habe ein positives Bild über mein Äußeres 
Ich vergesse oft Dinge 
Ich schiebe Sachen oft vor mich her ",3,2,6,3,7,"- Sonnensystem 
- Größe der Erde im vergleich zu anderen Planeten und Sonnen ",Selbsteinschätzung nach dem man gesehen hat wie klein unser Einfluss ist und unsere Wirksamkeit ,1,"",1,1,1,1,"",OK
c5ea6ebe,393,695,control,"Ich kann gut andere Menschen in Gespräche verwickeln, hab Humor und komme daher auch sehr sympathisch rüber , ich bin ein sehr sportlicher Menschen. Zudem bin ich mir über meine Fähigkeiten bewusst und sehr reflektiert und kann gut kommunizieren.
Zu meinen Schwächen gehört dass ich viel Aufmerksamkeit und Bestätigung benötige, manchmal etwas lauter bin ",1,1,1,1,1,Wie man eine stabile Mauer baut ,Wie uns Videos bzw. Social Media beeinflusst ,1,"",1,1,1,1,"",OK
