consent1,consent2,consent3,gender,gender_divers,age
1,1,1,1,,47
1,1,1,2,,28
1,1,1,1,,61
1,1,1,1,,63
1,1,1,1,,24
1,1,1,1,,40
1,1,1,2,,27
1,1,1,1,,39
1,1,1,1,,20
1,1,1,1,,20
1,1,1,1,,21
1,1,1,1,,20
1,1,1,1,,21
1,1,1,1,,19
1,1,1,1,,19
1,1,1,1,,20
1,1,1,1,,31
1,1,1,2,,74
1,1,1,1,,24
1,1,1,1,,43
1,1,1,1,,19
1,1,1,1,,21
1,1,1,1,,19
1,1,1,2,,20
1,1,1,1,,20
1,1,1,2,,19
1,1,1,1,,20
1,1,1,1,,57
1,1,1,1,,19
1,1,1,1,,19
1,1,1,3,,28
1,1,1,1,,36
1,1,1,1,,76
1,1,1,2,,47
1,1,1,2,,30
1,1,1,2,,22
1,1,1,1,,26
1,1,1,1,,28
1,1,1,1,,50
1,1,1,1,,32
1,1,1,1,,31
1,1,1,1,,25
1,1,1,1,,19
1,1,1,1,,19
1,1,1,2,,19
1,1,1,2,,57
1,1,1,2,,19
1,1,1,1,,24
1,1,1,2,,47
1,1,1,1,,62
1,1,1,1,,54
1,1,1,1,,77
1,1,1,1,,50
1,1,1,2,,25
1,1,1,1,,19
1,1,1,2,,20
1,1,1,1,,20
1,1,1,2,,19
1,1,1,1,,19
1,1,1,2,,20
1,1,1,1,,18
1,1,1,1,,27
1,1,1,2,,72
1,1,1,1,,66
1,1,1,1,,22
1,1,1,2,,57
1,1,1,1,,19
1,1,1,1,,19
1,1,1,1,,75
1,1,1,1,,23
1,1,1,2,,19
1,1,1,2,,20
1,1,1,1,,21
1,1,1,1,,52
1,1,1,1,,56
1,1,1,1,,22
1,1,1,2,,20
1,1,1,2,,20
1,1,1,2,,28
1,1,1,1,,22
1,1,1,1,,21
1,1,1,2,,28
1,1,1,2,,26
1,1,1,1,,22
1,1,1,1,,19
1,1,1,2,,22
1,1,1,1,,20
1,1,1,1,,22
1,1,1,2,,48
1,1,1,1,,47
1,1,1,1,,50
1,1,1,3,,25
1,1,1,1,,19
1,1,1,1,,32
1,1,1,1,,43
1,1,1,1,,19
1,1,1,1,,57
1,1,1,2,,55
1,1,1,1,,62
1,1,1,2,,28
1,1,1,1,,73
1,1,1,1,,42
1,1,1,1,,21
1,1,1,3,,19
1,1,1,1,,19
1,1,1,1,,19
1,1,1,1,,22
1,1,1,1,,19
1,1,1,1,,25
1,1,1,2,,24
1,1,1,2,,48
1,1,1,2,,18
1,1,1,2,,55
1,1,1,1,,29
1,1,1,1,,62
1,1,1,1,,65
1,1,1,1,,21
1,1,1,2,,57
1,1,1,1,,22
1,1,1,2,,43
1,1,1,2,,46
1,1,1,2,,21
1,1,1,2,,26
1,1,1,1,,50
1,1,1,1,,20
1,1,1,2,,20
1,1,1,1,,42
1,1,1,1,,54
1,1,1,1,,18
1,1,1,1,,24
1,1,1,1,,28
1,1,1,1,,48
1,1,1,1,,20
1,1,1,2,,27
1,1,1,1,,21
1,1,1,1,,25
1,1,1,1,,28
1,1,1,1,,22
1,1,1,1,,22
1,1,1,2,,28
1,1,1,5,,22
1,1,1,1,,51
1,1,1,2,,18
1,1,1,1,,20
1,1,1,1,,24
1,1,1,1,,20
1,1,1,1,,40
1,1,1,2,,24
1,1,1,1,,19
1,1,1,1,,20
1,1,1,1,,18
1,1,1,1,,48
1,1,1,1,,52
1,1,1,1,,20
1,1,1,2,,24
1,1,1,1,,20
1,1,1,1,,19
1,1,1,2,,26
1,1,1,1,,42
1,1,1,1,,19
1,1,1,2,,18
1,1,1,1,,66
